T_K,Z_iso,Z_soc,Z_cfs,U_iso_eV,F_iso_eV,S_iso_eV_perK,U_soc_eV,F_soc_eV,S_soc_eV_perK,U_cfs_eV,F_cfs_eV,S_cfs_eV_perK,U_iso_J,F_iso_J,S_iso_J_perK,U_soc_J,F_soc_J,S_soc_J_perK,U_cfs_J,F_cfs_J,S_cfs_J_perK
300.0,14.0,6.000158232982474,4.1877437553113195,0.0,-0.06822490952160479,0.00022741636507201594,7.384011116422468e-06,-0.04632124718000929,0.00015442877063708569,0.0038923574414700094,-0.037024254450196824,0.00013638870630555612,0.0,-1.093083558922793e-20,3.6436118630759764e-23,1.1830490075928331e-24,-7.421481988954926e-21,2.4742216793208396e-23,6.236244143899271e-22,-5.931939537137586e-21,2.1851879838425046e-23
308.5427135678392,14.0,6.00021356610364,4.2061230133303225,0.0,-0.07016766238905418,0.000227416365072016,9.966063434323565e-06,-0.04764052286254881,0.00015443725238225802,0.004292416197449809,-0.038194981782454895,0.00013770345599350221,0.0,-1.1242098914214322e-20,3.6436118630759776e-23,1.5967393967435008e-24,-7.632853256191849e-21,2.474357571860146e-23,6.877208934957214e-22,-6.11951073479049e-21,2.2062525961383648e-23
317.0854271356784,14.0,6.000283628717468,4.225338590214769,0.0,-0.07211041525650357,0.000227416365072016,1.3235381159469175e-05,-0.04895987919602243,0.00015444769890426621,0.004711059360317067,-0.039377043764302025,0.00013904171983833912,0.0,-1.1553362239200712e-20,3.6436118630759776e-23,2.120541843578534e-24,-7.844237445132985e-21,2.474524943594827e-23,7.547949228486991e-22,-6.3088979435160105e-21,2.227693946761612e-23
325.6281407035176,14.0,6.000371110243838,4.245369412171502,0.0,-0.07405316812395295,0.000227416365072016,1.7317406934604452e-05,-0.050279334176120384,0.00015446039606524604,0.005147492904166347,-0.040570625306859065,0.00014039977660484655,0.0,-1.1864625564187102e-20,3.6436118630759776e-23,2.7745544752092816e-24,-8.055637439005771e-21,2.4747283745412272e-23,8.247192854736122e-22,-6.500130789341867e-21,2.2494524149510497e-23
334.1708542713568,14.0,6.000478945801628,4.266192909050637,0.0,-0.07599592099140233,0.00022741636507201597,2.2349020081116385e-05,-0.051598908295794416,0.00015447564219337189,0.0056008636465370056,-0.041775879982381955,0.00014177401476924618,0.0,-1.2175888889173492e-20,3.643611863075977e-23,3.580707776676146e-24,-8.267056521143057e-21,2.4749726444436492e-23,8.973572864701625e-22,-6.6932338772560696e-21,2.2714701377165712e-23
342.713567839196,14.0,6.0006103049204125,4.287785251742304,0.0,-0.07793867385885171,0.00022741636507201597,2.847799957537285e-05,-0.05291862463968988,0.00015449374523773877,0.006070270788521795,-0.0429929310631242,0.00014316095554952422,0.0,-1.2487152214159882e-20,3.643611863075977e-23,4.56267855027243e-24,-8.47849839011278e-21,2.4752626871905384e-23,9.725646019422374e-22,-6.888226957651037e-21,2.2936913788256033e-23
351.2562814070352,14.0,6.000768577037247,4.310121575134897,0.0,-0.0798814267263011,0.00022741636507201597,3.5862334577056615e-05,-0.05423850895383763,0.00015451501983397028,0.006554776894998327,-0.04422187273774781,0.00014455727148664492,0.0,-1.2798415539146272e-20,3.643611863075977e-23,5.745779450005038e-24,-8.689967170883843e-21,2.4756035438003372e-23,1.050191038224939e-21,-7.085125121214114e-21,2.3160628265069694e-23
359.79899497487435,14.0,6.000957354232714,4.333176185759206,0.0,-0.08182417959375048,0.000227416365072016,4.4669403452924005e-05,-0.05555858969015532,0.00015453978435234694,0.007053418193038386,-0.04546277146850571,0.00014595980087496197,0.0,-1.3109678864132661e-20,3.6436118630759776e-23,7.156827446699375e-24,-8.901467421956015e-21,2.4760003151272907e-23,1.1300821818716603e-21,-7.28393901637217e-21,2.3385338246515682e-23
368.34170854271355,14.0,6.001180411685441,4.35692275364632,0.0,-0.08376693246119984,0.00022741636507201597,5.507504344978519e-05,-0.05687889802588583,0.0001545683579917843,0.007565214102456171,-0.046715667455195405,0.00014736555838980442,0.0,-1.342094218911905e-20,3.643611863075977e-23,8.823994773178058e-24,-9.1130041384743e-21,2.4764581153018396e-23,1.2120809266162559e-21,-7.484675083842831e-21,2.3610565430850728e-23
376.88442211055275,14.0,6.0014416863299465,4.38133448827054,0.0,-0.08570968532864923,0.00022741636507201594,6.726253348497807e-05,-0.058199467858601694,0.00015460105797366998,0.008089175943826868,-0.04798057617499144,0.00014877174228859793,0.0,-1.373220551410544e-20,3.6436118630759764e-23,1.0776645949327445e-23,-9.324582751428565e-21,2.476982026770934e-23,1.2960288685514304e-21,-7.687335803342837e-21,2.3835860929426128e-23
385.42713567839195,14.0,6.001745254192285,4.406384298732027,0.0,-0.08765243819609862,0.000227416365072016,8.142151210071411e-05,-0.05952033577782545,0.00015463819687999095,0.008624314796080525,-0.0492574899705383,0.0001501757385731049,0.0,-1.4043468839091833e-20,3.6436118630759776e-23,1.304516441927124e-23,-9.536209123106615e-21,2.477577057650132e-23,1.3817675650540692e-21,-7.891919948028581e-21,2.4060805933552115e-23
393.96984924623115,14.0,6.002095306855064,4.432044938560853,0.0,-0.089595191063548,0.00022741636507201597,9.774685162827565e-05,-0.06084154101465471,0.0001546800801707948,0.009169648498094613,-0.05054637966199489,0.00015157512249818636,0.0,-1.4354732164078223e-20,3.643611863075977e-23,1.566077217258881e-23,-9.747889539023242e-21,2.4782481019489417e-23,1.4691396565640381e-21,-8.098422842774103e-21,2.4285011956228188e-23
402.51256281407035,14.0,6.002496127471159,4.458289135699805,0.0,-0.09153794393099739,0.00022741636507201597,0.00011643750817693835,-0.06216312537104176,0.00015472700390717253,0.009724207806851903,-0.05184719616196848,0.00015296765780019046,0.0,-1.4665995489064613e-20,3.643611863075977e-23,1.8655345492227454e-23,-9.959630696589569e-21,2.478999903088985e-23,1.5579898532298504e-21,-8.306836622912037e-21,2.4508120708517296e-23
411.05527638190955,14.0,6.002952066706794,4.485089708353597,0.0,-0.09348069679844677,0.00022741636507201597,0.00013769536533311832,-0.06348513313056614,0.00015477925269784783,0.010287041739062917,-0.053159872075382926,0.00015435129399846847,0.0,-1.4977258814051002e-20,3.643611863075977e-23,2.2061229694681578e-23,-1.0171439690817234e-20,2.4798370210047323e-23,1.6481657907309329e-21,-8.51715049056076e-21,2.472980366720106e-23
419.59798994974875,14.0,6.0034675189521085,4.512419667483628,0.0,-0.09542344966589615,0.00022741636507201597,0.00016172408754196177,-0.06480761095266178,0.00015483709788024604,0.010857222134084786,-0.054484323269244773,0.0001557241620989531,0.0,-1.5288522139037392e-20,3.643611863075977e-23,2.5911055421470163e-23,-1.0383323997371718e-20,2.4807638030010112e-23,1.7395187613378257e-21,-8.729350966128647e-21,2.4949761386417103e-23
428.1407035175879,14.0,6.004046899092899,4.540252306785975,0.0,-0.09736620253334553,0.000227416365072016,0.00018872799714185723,-0.06613060775232542,0.00015490079594065716,0.011433847483927758,-0.05582045039996352,0.00015708456900110759,0.0,-1.5599785464023782e-20,3.6436118630759776e-23,3.0237558720230243e-23,-1.0595291453299504e-20,2.4817843584412294e-23,1.831904327546874e-21,-8.94342213301775e-21,2.5167722601553526e-23
436.6834170854271,14.0,6.004694620092761,4.568561281021985,0.0,-0.09930895540079492,0.000227416365072016,0.0002189109870091628,-0.06745417456734948,0.00015497058717281207,0.01201604608154958,-0.057168140388332914,0.00015843099088039836,0.0,-1.5911048789010172e-20,3.6436118630759776e-23,3.5073406831195815e-23,-1.080735023575644e-20,2.482902537255396e-23,1.9251828264925995e-21,-9.159345873941868e-21,2.5383443169004132e-23
445.2261306532663,14.0,6.005415071591525,4.597320673580523,0.0,-0.10125170826824431,0.00022741636507201603,0.0002524754788056955,-0.0687783644150973,0.00015504669456982726,0.01260297854189886,-0.05852726783447893,0.00015976206578892984,0.0,-1.6222312113996562e-20,3.6436118630759776e-23,4.0451031280044754e-23,-1.1019508839060597e-20,2.484121912187119e-23,2.0192197738633742e-21,-9.377102097626192e-21,2.5596704880659414e-23
453.7688442211055,14.0,6.006212599684767,4.6265050541434585,0.0,-0.1031944611356937,0.00022741636507201603,0.00028962143494990595,-0.07010323214077994,0.00015512932294097718,0.013193839751655825,-0.05989769636702806,0.00016107658568790802,0.0,-1.6533575438982952e-20,3.6436118630759776e-23,4.6402469578229026e-23,-1.1231776050383542e-20,2.485445764642738e-23,2.1138861762843324e-21,-9.596668954967904e-21,2.5807314187366502e-23
462.3115577889447,14.0,6.007091488010974,4.656089527305215,0.0,-0.10513721400314306,0.00022741636507201597,0.0003305454306856399,-0.07142883425910909,0.000155218658242056,0.013787860303671736,-0.06127927992245563,0.000162373488097819,0.0,-1.6844838763969342e-20,3.643611863075977e-23,5.295921655199988e-23,-1.1444160924380328e-20,2.4868770739625363e-23,2.2090587611399e-21,-9.818023044010374e-21,2.6015100861140268e-23
470.8542713567839,14.0,6.008055940238007,4.686049772966397,0.0,-0.10707996687059244,0.00022741636507201597,0.0003754397910204101,-0.07275522879109514,0.00015531486710609386,0.014384307471028665,-0.06267186395204855,0.0001636518475260658,0.0,-1.7156102088955732e-20,3.643611863075977e-23,6.015208606467441e-23,-1.165667275704167e-20,2.4884185099019876e-23,2.3046201326353758e-21,-1.0041139603319908e-20,2.6219916621719332e-23
479.3969849246231,14.0,6.009110064009247,4.716362079283728,0.0,-0.10902271973804183,0.00022741636507201597,0.00042449179585959593,-0.07408247509764027,0.0001554180965598163,0.014982485773693297,-0.06407528655517689,0.00016491086680760133,0.0,-1.7467365413942122e-20,3.643611863075977e-23,6.801108366509424e-23,-1.1869321059032609e-20,2.4900724280889343e-23,2.4004588625848813e-21,-1.0265992693555875e-20,2.6421633749182502e-23
487.9396984924623,14.0,6.010257856382117,4.747003368915765,0.0,-0.11096547260549121,0.00022741636507201597,0.0004778829553782094,-0.07541063371144824,0.0001555284739103858,0.015581737188149739,-0.06548937953863049,0.00016614986847198008,0.0,-1.777862873892851e-20,3.643611863075977e-23,7.656529048938317e-23,-1.2082115528761506e-20,2.4918408682089874e-23,2.496469523998237e-21,-1.0492555367195146e-20,2.662014370079798e-23
496.4824120603015,14.0,6.0115031907677,4.777951219258245,0.0,-0.11290822547294059,0.00022741636507201597,0.0005357883565465712,-0.07673976616863727,0.0001556461067865545,0.016181441047358244,-0.06691396940265874,0.00016736828623029737,0.0,-1.80898920639149e-20,3.643611863075977e-23,8.584275856281772e-23,-1.2295066025401433e-20,2.4937255546648642e-23,2.5925526750525863e-21,-1.0720799826513078e-20,2.681535574708064e-23
505.0251256281407,14.0,6.012849805359643,4.809183877315817,0.0,-0.11485097834038997,0.00022741636507201597,0.0005983760807550637,-0.07806993484130734,0.0001557710833183126,0.016781013675060887,-0.06834887825507333,0.00016856565665767867,0.0,-1.840115538890129e-20,3.643611863075977e-23,9.587041749302602e-23,-1.2508182542064511e-20,2.4957278994546764e-23,2.6886148005017018e-21,-1.0950697570038917e-20,2.700719563917993e-23
513.5678391959799,14.0,6.014301293023362,4.840680269809444,0.0,-0.11679373120783935,0.00022741636507201597,0.0006658066916578184,-0.07940120277217792,0.00015590347243936705,0.017379907794971866,-0.06979392465535014,0.00016974161113125321,0.0,-1.8712418713887678e-20,3.643611863075977e-23,1.0667399241349991e-22,-1.2721475179307949e-20,2.4978490070181685e-23,2.7845682170178384e-21,-1.118221952779585e-20,2.719560431720082e-23
522.1105527638191,14.0,6.015861092602371,4.872420009072063,0.0,-0.11873648407528875,0.000227416365072016,0.0007382327916655446,-0.08073363351228009,0.00015604332429725872,0.01797761175185506,-0.07124892439112027,0.00017089586806979872,0.0,-1.902368203887407e-20,3.6436118630759776e-23,1.1827793292591254e-22,-1.2934954119129451e-20,2.5000896808075237e-23,2.880330948394598e-21,-1.1415336185708556e-20,2.738053666685782e-23
530.6532663316583,14.0,6.0175324815872715,4.904383395239501,0.0,-0.12067923694273813,0.00022741636507201597,0.000815798644952423,-0.08206729096255973,0.00015619067075658066,0.018573648577988464,-0.07271369118978038,0.00017202822550933713,0.0,-1.933494536386046e-20,3.643611863075977e-23,1.3070535269916342e-22,-1.3148629599589256e-20,2.5024504313498063e-23,2.9758265759780443e-21,-1.1650017699615777e-20,2.7561960329954267e-23
539.1959798994975,14.0,6.019318570084054,4.936551415199956,0.0,-0.12262198981018751,0.00022741636507201597,0.0008986398643890905,-0.0834022392201282,0.0001563455259815372,0.019167574935106776,-0.07418803736820291,0.00017313855403875702,0.0,-1.964620868884685e-20,3.643611863075977e-23,1.4397797931051293e-22,-1.3362511890176778e-20,2.504931485580588e-23,3.070984069147214e-21,-1.1886233999365355e-20,2.773985457254428e-23
547.7386934673367,14.0,6.021222296011813,4.968905738723753,0.0,-0.1245647426776369,0.00022741636507201597,0.000986883159461399,-0.08473854242978206,0.00015650788708494905,0.019758979958648053,-0.07567177442369251,0.00017422679011087861,0.0,-1.995747201383324e-20,3.643611863075977e-23,1.5811611385771495e-22,-1.357661126802144e-20,2.507532797242157e-23,3.1657376001420195e-21,-1.2123954883495895e-20,2.79142092132472e-23
556.2814070351758,14.0,6.02324642145531,5.001428712155777,0.0,-0.12650749554508625,0.00022741636507201597,0.0010806461419710753,-0.08607626464130823,0.00015667773483173068,0.020347484028041096,-0.07716471356943572,0.0001752929297371083,0.0,-2.0268735338819628e-20,3.643611863075977e-23,1.7313859982883035e-22,-1.3790937995030442e-20,2.510254058154468e-23,3.2600263470415642e-21,-1.2363150105025264e-20,2.808502361301987e-23
564.824120603015,14.0,6.025393530094894,5.0341033500162435,0.0,-0.12845024841253563,0.00022741636507201597,0.0011800371861285701,-0.08741546967299153,0.00015685503438580875,0.02093273748387923,-0.0786666662177341,0.000176337022567803,0.0,-2.0579998663806018e-20,3.643611863075977e-23,1.8906280068663038e-22,-1.4005502296020263e-20,2.513094710182093e-23,3.3537942882327254e-21,-1.2603789448873073e-20,2.8252305726726465e-23
573.3668341708542,14.0,6.027666025634808,5.066913324821107,0.0,-0.13039300127998504,0.00022741636507201603,0.001285155339529667,-0.08875622098165244,0.00015703973609040528,0.02151441931014662,-0.08017744441430617,0.0001773591663555312,0.0,-2.089126198879241e-20,3.6436118630759776e-23,2.059045856054769e-22,-1.4220314337894406e-20,2.5160539577357383e-23,3.446989991279531e-21,-1.2845842801443516e-20,2.84160712160551e-23
581.9095477386934,14.0,6.030066131150638,5.099842955401738,0.0,-0.13233575414743443,0.000227416365072016,0.0013960902814463979,-0.09009858153946015,0.00015723177627254237,0.022092235797200918,-0.08169686122690353,0.0001783595017944455,0.0,-2.12025253137788e-20,3.6436118630759776e-23,2.2367832278879024e-22,-1.443538420990668e-20,2.5191307806618297e-23,3.5395663987093675e-21,-1.3089280212888541e-20,2.857634262269416e-23
590.4522613065326,14.0,6.032595889277457,5.132877193974079,0.0,-0.1342785070148838,0.000227416365072016,0.001512922324850293,-0.09144261371769226,0.00015743107806354017,0.022665919198970253,-0.0832247310914131,0.00017933820772584076,0.0,-2.151378863876519e-20,3.6436118630759776e-23,2.423968797932097e-22,-1.465072190503744e-20,2.5223239473883403e-23,3.631480612872213e-21,-1.3334071952559538e-20,2.873314860017803e-23
598.9949748743718,14.0,6.035257163161774,5.166001612180667,0.0,-0.1362212598823332,0.000227416365072016,0.001635722458614367,-0.09278837917754541,0.00015763755222815266,0.023235226395789597,-0.08476087011852272,0.00018029549669755163,0.0,-2.182505196375158e-20,3.6436118630759776e-23,2.6207163029009708e-22,-1.486633730249954e-20,2.525632028209008e-23,3.722693681703413e-21,-1.358018855814059e-20,2.8886523202424135e-23
607.537688442211,14.0,6.038051638102697,5.199202386304204,0.0,-0.13816401274978257,0.000227416365072016,0.0017645524264021007,-0.09413593876804244,0.00015785109799581858,0.023799937572472566,-0.08630509636391372,0.0001812316108630345,0.0,-2.213631528873797e-20,3.6436118630759776e-23,2.82712466704945e-22,-1.5082240151381234e-20,2.5290534086014473e-23,3.8131703869274225e-21,-1.382760087893809e-20,2.9036505226693444e-23
616.0804020100502,14.0,6.040980823810498,5.232466281828876,0.0,-0.14010676561723195,0.000227416365072016,0.0018994648388407863,-0.09548535243102915,0.0001580716038882881,0.024359854919580773,-0.08785723006481641,0.0001821468182046904,0.0,-2.244757861372436e-20,3.6436118630759776e-23,3.0432781818952832e-22,-1.5298440055424998e-20,2.532586302487187e-23,3.902879035978226e-21,-1.4076280113781116e-20,2.918313760850008e-23
624.6231155778894,14.0,6.044046057213975,5.265780637505197,0.0,-0.14204951848468134,0.000227416365072016,0.0020405033156874917,-0.09683667911320738,0.0001582989485386169,0.02491480136440085,-0.08941709384563,0.00018304140906513387,0.0,-2.275884193871075e-20,3.6436118630759776e-23,3.2692467339940246e-22,-1.551494645893367e-20,2.536228765353404e-23,3.991791258679436e-21,-1.4326197843965358e-20,2.932646686585933e-23
633.1658291457286,14.0,6.0472485057514636,5.299133349055577,0.0,-0.14399227135213072,0.000227416365072016,0.0021877026548234894,-0.09818997668511247,0.00015853300149720046,0.025464619336857952,-0.09098451289516564,0.00018391569296962457,0.0,-2.307010526369714e-20,3.6436118630759776e-23,3.5050860756979617e-22,-1.5731768633789195e-20,2.539978707167016e-23,4.079881809521838e-21,-1.4577326061650606e-20,2.9466542590185057e-23
641.7085427135678,14.0,6.05058917108404,5.3325128526410515,0.0,-0.1459350242195801,0.000227416365072016,0.002341089025053309,-0.09954530186690715,0.00015877362402114435,0.026009169574469283,-0.09255931511792785,0.00018476999572268623,0.0,-2.338136858868353e-20,3.6436118630759776e-23,3.750838134054252e-22,-1.594891566756352e-20,2.5438339050217857e-23,4.1671283761958405e-21,-1.4829637194098695e-20,2.960341698111678e-23
650.251256281407,14.0,6.054068893173239,5.3659081081944375,0.0,-0.14787777708702948,0.000227416365072016,0.0025006801798338426,-0.10090271016083675,0.0001590206698438443,0.026548329969460542,-0.09414133126170383,0.00018560465676199157,0.0,-2.369263191366992e-20,3.6436118630759776e-23,4.0065313532367005e-22,-1.6166396452696703e-20,2.5477920154683573e-23,4.253511394879161e-21,-1.5083104124115562e-20,2.97371444225653e-23
658.7939698492462,14.0,6.057688354669448,5.399308582711592,0.0,-0.14982052995447886,0.000227416365072016,0.0026664856892141837,-0.10226225579016451,0.00015927398592216905,0.027081994460317116,-0.09573039502358734,0.00018642002675283743,0.0,-2.400389523865631e-20,3.6436118630759776e-23,4.272181066154351e-22,-1.6384219676713277e-20,2.5518505864854417e-23,4.339013872643752e-21,-1.533770020703815e-20,2.98677810973051e-23
667.3366834170854,14.0,6.061448085560968,5.432704233580142,0.0,-0.15176328282192825,0.00022741636507201597,0.002838507187425421,-0.10362399164438647,0.00015953341315911573,0.02761007196930993,-0.0973263431364223,0.00018721646540693308,0.0,-2.43151585636427e-20,3.643611863075977e-23,4.547789891134069e-22,-1.6602393813444723e-20,2.5560070690580333e-23,4.423621217228673e-21,-1.5593399284584208e-20,2.9995384637505743e-23
675.8793969849246,14.0,6.065348468037497,5.466085492014136,0.0,-0.15370603568937763,0.00022741636507201597,0.0030167386337193254,-0.10498796923050885,0.00015979878710023352,0.02813248538690916,-0.09892901543751483,0.00018799433950974256,0.0,-2.462642188862909e-20,3.643611863075977e-23,4.833348149830187e-22,-1.6820927115223223e-20,2.5602588283353474e-23,4.5073210743252305e-21,-1.5850175695861152e-20,3.012001380867725e-23
684.4221105527638,14.0,6.069389741525508,5.499443246653195,0.0,-0.15564878855682704,0.00022741636507201603,0.0032011665842139178,-0.10635423863015789,0.00016006993860249625,0.028649170603468138,-0.10053825492132998,0.00018875402114122485,0.0,-2.4937685213615486e-20,3.6436118630759776e-23,5.128834302769132e-22,-1.7039827606009912e-20,2.5646031543473408e-23,4.5901031724356326e-21,-1.610800428580904e-20,3.0241728224601246e-23
692.964824120603,14.0,6.073572007856526,5.53276882737603,0.0,-0.15759154142427642,0.00022741636507201603,0.003391770472660839,-0.10772284846228244,0.00016034669447464623,0.02916007558811224,-0.10215390777776313,0.00018949588607548368,0.0,-2.5248948538601876e-20,3.6436118630759776e-23,5.434215399188332e-22,-1.7259103075419175e-20,2.569037272264151e-23,4.671959175294724e-21,-1.6366860411332293e-20,3.036058809092659e-23
701.5075376884422,14.0,6.077895236532774,5.566053989370326,0.0,-0.1595342942917258,0.00022741636507201603,0.0035885228982029805,-0.10909384585120248,0.00016062887808833586,0.029665159514395748,-0.1037758234174547,0.00019022031234554613,0.0,-2.5560211863588266e-20,3.6436118630759776e-23,5.749447538074775e-22,-1.7478761073599443e-20,2.5735583521876627e-23,4.752882541784765e-21,-1.6626719945355592e-20,3.0476653975221576e-23
710.0502512562814,14.0,6.08235927005793,5.599290897494132,0.0,-0.16147704715917519,0.000227416365072016,0.003791389918340162,-0.11046727639975205,0.00016091630995966277,0.030164391931982736,-0.10540385448550313,0.00019092767896022425,0.0,-2.5871475188574656e-20,3.6436118630759776e-23,6.074476337547776e-22,-1.7698808906930237e-20,2.5781635184687315e-23,4.8328683932240856e-21,-1.688755927902092e-20,3.058998660139247e-23
718.5929648241206,14.0,6.086963829303839,5.632472110957676,0.0,-0.16341980002662457,0.000227416365072016,0.00400033134546483,-0.11184318416726316,0.00016120880830092918,0.030657751983359155,-0.1070378568648216,0.00019161836476075506,0.0,-2.6182738513561046e-20,3.6436118630759776e-23,6.409237409961531e-22,-1.7919253634494776e-20,2.5828498585473395e-23,4.911913387870519e-21,-1.7149355322225366e-20,3.0700646666497075e-23
727.1356783919598,14.0,6.091708518886977,5.665590568349134,0.0,-0.16536255289407395,0.000227416365072016,0.0042153010454684635,-0.11322161165213586,0.00016150618954266247,0.031145227664384684,-0.1086776896702833,0.0001922927474056595,0.0,-2.6494001838547436e-20,3.6436118630759776e-23,6.753656840325343e-22,-1.814010206528742e-20,2.5876144313162894e-23,4.9900156024487534e-21,-1.7412085502683104e-20,3.0808694678101175e-23
735.678391959799,14.0,6.096592832531241,5.698639573023064,0.0,-0.16730530576152333,0.000227416365072016,0.004436247237051949,-0.1146025997787417,0.00016180826882611295,0.03162681512733745,-0.11032321523470302,0.00019295120247299214,0.0,-2.6805265163533825e-20,3.6436118630759776e-23,7.1076516658516915e-22,-1.836136075611535e-20,2.5924542750118875e-23,5.067174420485779e-21,-1.76757277636794e-20,3.09141908104431e-23
744.2211055276382,14.0,6.101616158396201,5.731612778865998,0.0,-0.16924805862897271,0.000227416365072016,0.004663112790499579,-0.11598618788840938,0.0001621148604665961,0.03210251802498732,-0.11197429908761541,0.00019359410266987133,0.0,-2.711652848852021e-20,3.6436118630759776e-23,7.471130354644962e-22,-1.858303601015433e-20,2.597366414637506e-23,5.143390427219851e-21,-1.794026056067049e-20,3.101719477778648e-23
752.7638190954774,14.0,6.106777784352388,5.764504176449973,0.0,-0.1711908114964221,0.000227416365072016,0.004895835524796165,-0.11737241373424606,0.00016242577838818025,0.03257234689414807,-0.11363080992772424,0.00019422181713987043,0.0,-2.74277918135066e-20,3.6436118630759776e-23,7.843993281735543e-22,-1.8805133876118972e-20,2.6023478689280456e-23,5.218665310834651e-21,-1.82056628568695e-20,3.1117765723452107e-23
761.3065326633166,14.0,6.112076903187427,5.797308079581556,0.0,-0.17313356436387148,0.000227416365072016,0.005134348502080227,-0.11876131347955152,0.00016274083653032817,0.03303631857710096,-0.11529261958982198,0.00019483471085952254,0.0,-2.773905513849299e-20,3.6436118630759776e-23,8.226133200845839e-22,-1.9027660148008667e-20,2.607395656865054e-23,5.293001769761128e-21,-1.8471914117946342e-20,3.121596212312731e-23
769.8492462311558,14.0,6.117512617728905,5.830019112251064,0.0,-0.17507631723132086,0.000227416365072016,0.005378580318532907,-0.12015292169958916,0.00016305984922719512,0.033494455679247824,-0.11695960300690526,0.00019543314411582546,0.0,-2.805031846347938e-20,3.6436118630759776e-23,8.6174357104457e-22,-1.925062036539133e-20,2.6125068037537496e-23,5.366403425783946e-21,-1.8738994305957974e-20,3.1311841701153014e-23
778.391959798995,14.0,6.123083945871755,5.862632195984262,0.0,-0.17701907009877024,0.000227416365072016,0.005628455390902672,-0.12154727138648291,0.00016338263156035978,0.03394678606133668,-0.11863163816814591,0.0001960174720572436,0.0,-2.836158178846577e-20,3.6436118630759776e-23,9.017779712815597e-22,-1.947401981418797e-20,2.6176783468743938e-23,5.438874742687051e-21,-1.9006883872614593e-20,3.140546135858636e-23
786.9346733668342,14.0,6.128789825499733,5.895142537596672,0.0,-0.17896182296621962,0.000227416365072016,0.00588389423795989,-0.12294439395701699,0.0001637089996858263,0.034393342364604826,-0.12030860607331535,0.00019658804431127785,0.0,-2.867284511345216e-20,3.6436118630759776e-23,9.427037864986571e-22,-1.969786352792234e-20,2.622907340721442e-23,5.5104209501732155e-21,-1.9275563751977634e-20,3.14968771119286e-23
795.4773869346734,14.0,6.134629119292136,5.927545617348794,0.0,-0.180904575833669,0.000227416365072016,0.006144813756263022,-0.12434431926312246,0.0001640387711361826,0.03483416156719917,-0.12199039068420355,0.0001971452046622182,0.0,-2.898410843843855e-20,3.6436118630759776e-23,9.845077020566384e-22,-1.992215628940109e-20,2.628190861844654e-23,5.581047972794733e-21,-1.9545015352676218e-20,3.158614404149538e-23
804.0201005025125,14.0,6.140600619408421,5.959837177499007,0.0,-0.18284732870111836,0.00022741636507201597,0.006411127489699938,-0.12574707560484208,0.00016437176509883665,0.03526928457025964,-0.12367687887352087,0.00019768929078320204,0.0,-2.929537176342494e-20,3.643611863075977e-23,1.0271758661592315e-21,-2.0146902632790938e-20,2.6335260133069276e-23,5.650762363636673e-21,-1.9815220549720338e-20,3.1673316248487783e-23
812.5628140703517,14.0,6.146703052044674,5.99201321124956,0.0,-0.18479008156856774,0.00022741636507201597,0.006682745892343814,-0.12715268974557334,0.00016470780267127718,0.03569875581208687,-0.12536796037172385,0.00019822063401718203,0.0,-2.960663508841133e-20,3.643611863075977e-23,1.0706939319672737e-21,-2.03721068460609e-20,2.6389099287740307e-23,5.719571242499727e-21,-2.008616167598139e-20,3.1758446819899456e-23
821.1055276381909,14.0,6.152935081857143,6.024069952079941,0.0,-0.18673283443601713,0.00022741636507201597,0.006959576584233201,-0.12856118692939725,0.00016504670709432351,0.03612262290885706,-0.1270635277121607,0.00019873955920185151,0.0,-2.991789841339772e-20,3.643611863075977e-23,1.1150470985791968e-21,-2.0597772973758646e-20,2.6443397762516715e-23,5.787482238336389e-21,-2.0357821513403535e-20,3.184158780046662e-23
829.6482412060301,14.0,6.159295316249101,6.056003863460976,0.0,-0.1886755873034665,0.00022741636507201597,0.0072415245997508974,-0.1299725909003094,0.00016538830396433678,0.036540936320395095,-0.12876347617489273,0.0001992463845339932,0.0,-3.022916173838411e-20,3.643611863075977e-23,1.160220150825709e-21,-2.0823904820091673e-20,2.6498127614854997e-23,5.854503435701896e-21,-2.063018328400288e-20,3.1922790170934284e-23
838.1909547738693,14.0,6.165782309518332,6.087811628942257,0.0,-0.1906183401709159,0.00022741636507201597,0.007528492628335955,-0.13138692392317727,0.00016573242142536653,0.03695374903956785,-0.13046770372951058,0.00019974142146910438,0.0,-3.05404250633705e-20,3.643611863075977e-23,1.2061974978361112e-21,-2.1050505952285024e-20,2.655326131039632e-23,5.9206433249895546e-21,-2.0903230640705648e-20,3.2002103831974495e-23
846.7336683417085,14.0,6.172394566863379,6.119490142604814,0.0,-0.1925610930383653,0.000227416365072016,0.00782038124731806,-0.1328042068062567,0.00016607889034220405,0.03736111630391509,-0.13217611097723,0.00020022497465250965,0.0,-3.085168838835689e-20,3.6436118630759776e-23,1.2529632103424769e-21,-2.1277579704188826e-20,2.6608771750692754e-23,5.985910756228919e-21,-2.117694765807088e-20,3.207957759314932e-23
855.2763819095477,14.0,6.179130548247527,6.15103649987047,0.0,-0.19450384590581468,0.000227416365072016,0.008117089146713791,-0.134224458925109,0.000166427544455304,0.03776309532819144,-0.13388860109252113,0.00020069734187850647,0.0,-3.116295171334328e-20,3.6436118630759776e-23,1.3005010566959834e-21,-2.150512918011024e-20,2.6664632298028434e-23,6.050314896234289e-21,-2.145131882293842e-20,3.215525916636527e-23
863.8190954773869,14.0,6.1859886721201605,6.182447988658936,0.0,-0.19644659877326406,0.000227416365072016,0.008418513345870118,-0.13564769824776685,0.000166778220518521,0.03815974505655057,-0.13560507976449718,0.000201158814074395,0.0,-3.147421503832967e-20,3.6436118630759776e-23,1.3487945375770262e-21,-2.1733157258845476e-20,2.6720816797487367e-23,6.113865188900233e-21,-2.172632902503836e-20,3.22291951633146e-23
872.3618090452261,14.0,6.192967318995791,6.213722080883345,0.0,-0.19838935164071345,0.000227416365072016,0.008724549401882312,-0.1370739413610072,0.0001671307584205934,0.03855112593316133,-0.137325455138263,0.00020160967530652907,0.0,-3.178547836331606e-20,3.6436118630759776e-23,1.3978269193874514e-21,-2.1961666597889187e-20,2.677729959641735e-23,6.176571318450253e-21,-2.200196354759402e-20,3.230143109644476e-23
880.9045226130653,14.0,6.20006483489158,6.244856424274772,0.0,-0.20033210450816283,0.000227416365072016,0.009035091609751213,-0.1385032034975956,0.0001674850012912836,0.038937299690103094,-0.13904963775639959,0.00020205020280578457,0.0,-3.209674168830245e-20,3.6436118630759776e-23,1.4475812663192839e-21,-2.2190659637799472e-20,2.683405556143544e-23,6.238443175453862e-21,-2.2278208057946758e-20,3.2372011383038925e-23
889.4472361809045,14.0,6.2072795346246785,6.275848834526098,0.0,-0.2022748573756122,0.000227416365072016,0.009350033194279088,-0.139935498564375,0.0001678407955930631,0.039318329151445196,-0.14077754050074096,0.000202480667010085,0.0,-3.240800501328884e-20,3.6436118630759776e-23,1.4980404710998336e-21,-2.2420138606698218e-20,2.6891060093117586e-23,6.299490825436653e-21,-2.255504859822758e-20,3.244097935202928e-23
897.9899497487437,14.0,6.214609704971113,6.306697287745522,0.0,-0.2042176102430616,0.000227416365072016,0.009669266493734036,-0.14137083917107904,0.00016819799119920426,0.03969427805247172,-0.14250907853457934,0.00020290133162184198,0.0,-3.271926833827523e-20,3.6436118630759776e-23,1.5491872844179778e-21,-2.2650105524887475e-20,2.694828913851027e-23,6.3597244799169215e-21,-2.2832471576097395e-20,3.250837725320005e-23
906.5326633165829,14.0,6.222053607688328,6.337399913209992,0.0,-0.20616036311051097,0.000227416365072016,0.00999268313534052,-0.14280923665975728,0.00016855644145911565,0.040065210873068025,-0.14424416924541772,0.00020331245367837396,0.0,-3.303053166326162e-20,3.6436118630759776e-23,1.601004343040844e-21,-2.2880562209563932e-20,2.7005719201598394e-23,6.4191544697112325e-21,-2.3110463755574966e-20,3.257424626846981e-23
915.0753768844221,14.0,6.229609482403797,6.367954986408849,0.0,-0.20810311597796036,0.000227416365072016,0.010320174202678178,-0.14425070113470734,0.00016891600325172825,0.04043119268433902,-0.1459827321883734,0.00020371428363355173,0.0,-3.334179498824801e-20,3.6436118630759776e-23,1.6534741966340555e-21,-2.3111510279614537e-20,2.70633273518587e-23,6.477791220359971e-21,-2.3389012247969154e-20,3.2638626524972515e-23
923.6180904522613,14.0,6.237275549372373,6.398360922368055,0.0,-0.21004586884540974,0.000227416365072016,0.010651630395092888,-0.14569524149281438,0.00016927653702771244,0.040792289007580855,-0.14772468903032082,0.00020410706544908834,0.0,-3.36530583132344e-20,3.6436118630759776e-23,1.7065793333022013e-21,-2.3342951160477446e-20,2.7121091231023667e-23,6.535645229532109e-21,-2.3668104502929613e-20,3.2701557109683804e-23
932.1608040201005,14.0,6.245050012105298,6.428616269245451,0.0,-0.21198862171285912,0.00022741636507201597,0.010986942179243283,-0.14714286545420655,0.00016963790684127502,0.04114856568477807,-0.14946996349485075,0.00020449103669404925,0.0,-3.396432163822079e-20,3.643611863075977e-23,1.7603022038692627e-21,-2.357488608905355e-20,2.7178989058175955e-23,6.592727046276564e-21,-2.3947728299628285e-20,3.2763076085364227e-23
940.7035175879396,14.0,6.25293105987394,6.45871970218765,0.0,-0.21393137458030848,0.00022741636507201597,0.011325999932922815,-0.14859357959313993,0.0001699999803722569,0.04150008875984594,-0.15121848130810986,0.0002048664286512992,0.0,-3.4275584963207174e-20,3.643611863075977e-23,1.81462524492145e-21,-2.38073161186548e-20,2.723699963328886e-23,6.64904725199512e-21,-2.4227871738081934e-20,3.282322050761397e-23
949.2462311557788,14.0,6.260916870091511,6.4886700174393095,0.0,-0.21587412744775786,0.00022741636507201597,0.01166869408131198,-0.15004738936903347,0.0001703626289392205,0.04184692436988424,-0.1529701701455752,0.00020523346642973233,0.0,-3.4586848288193564e-20,3.643611863075977e-23,1.869530900637215e-21,-2.4040242123976542e-20,2.7295102339323127e-23,6.70461644301937e-21,-2.4508523230624497e-20,3.2882026442854053e-23
957.788944723618,14.0,6.269005610576113,6.518466126695682,0.0,-0.21781688031520724,0.00022741636507201597,0.012014915225827934,-0.15150429915757932,0.000170725727504187,0.0421891386457523,-0.15472495957980822,0.00020559236908125156,0.0,-3.4898111613179954e-20,3.643611863075977e-23,1.9250016434312348e-21,-2.4273664806081945e-20,2.7353277142985955e-23,6.759445214681074e-21,-2.4789671493536316e-20,3.2939528987068524e-23
966.3316582914572,14.0,6.277195441698562,6.548107051689576,0.0,-0.21975963318265662,0.00022741636507201597,0.012364554265749535,-0.15296431228186058,0.00017108915466965374,0.042526797621317364,-0.1564827810292253,0.00020594334972157043,0.0,-3.5209374938166344e-20,3.643611863075977e-23,1.981019993440893e-21,-2.4507584697387623e-20,2.741150459425312e-23,6.813544146772146e-21,-2.5071305538836325e-20,3.2995762285159053e-23
974.8743718592964,14.0,6.285484518418506,6.577591919004033,0.0,-0.221702386050106,0.00022741636507201597,0.012717502512804572,-0.15442743104341244,0.00017145279266849066,0.04285996715076847,-0.1582435677079135,0.00020628661565400886,0.0,-3.5520638263152734e-20,3.643611863075977e-23,2.0375685368851768e-21,-2.4742002166640165e-20,2.746976582475022e-23,6.86692379029688e-21,-2.5353414666241593e-20,3.305075955077916e-23
983.4170854271356,14.0,6.293870992212382,6.606919955102231,0.0,-0.22364513891755539,0.00022741636507201597,0.013073651798913484,-0.15589365675316882,0.00017181652734728862,0.043188712833425534,-0.16000725457651402,0.00020662236849554408,0.0,-3.5831901588139124e-20,3.643611863075977e-23,2.094629943327125e-21,-2.497691742387434e-20,2.752804254508478e-23,6.919594655425031e-21,-2.5635988455298032e-20,3.3104553086529843e-23
991.9597989949748,14.0,6.302353012896811,6.636090481566392,0.0,-0.22558789178500477,0.00022741636507201597,0.01343289457728972,-0.15736298976224053,0.00017218024814370073,0.043513099945509656,-0.16177377829418954,0.0002069508043044587,0.0,-3.6143164913125514e-20,3.643611863075977e-23,2.1521869818718897e-21,-2.5212330525344298e-20,2.7586317041215916e-23,6.971567200560225e-21,-2.5919016757684683e-20,3.3157174304411034e-23
1000.502512562814,14.0,6.310928730351004,6.6651029105376605,0.0,-0.22753064465245418,0.000227416365072016,0.013795124017101519,-0.15883542949247634,0.00017254384805829228,0.043833193378374796,-0.16354307717168726,0.00020727211370900227,0.0,-3.645442823811191e-20,3.6436118630759776e-23,2.210222536333227e-21,-2.5448241378420005e-20,2.7644572169944217e-23,7.022851822443562e-21,-2.620248968969361e-20,3.320865374643545e-23
1009.0452261306532,14.0,6.3195962961417536,6.6939567403491385,0.0,-0.22947339751990356,0.000227416365072016,0.014160234091903093,-0.16031097446676168,0.00017290722362138592,0.04414905758273259,-0.16531509112550277,0.00020758648203654802,0.0,-3.67656915630983e-20,3.6436118630759776e-23,2.2687196194017344e-21,-2.5684649746441615e-20,2.770279135359974e-23,7.073458847217468e-21,-2.6486397624886128e-20,3.3259021105321797e-23
1017.5879396984924,14.0,6.32835386505458,6.7226515513445815,0.0,-0.23141615038735294,0.000227416365072016,0.014528119662045699,-0.1617896223390142,0.0001732702748553626,0.044460756518433266,-0.16708976163314845,0.00020789408944278895,0.0,-3.707695488808469e-20,3.6436118630759776e-23,2.3276613858485595e-21,-2.5921555253525297e-20,2.776095857400197e-23,7.123398522379697e-21,-2.677073118692601e-20,3.3308305245194253e-23
1026.1306532663316,14.0,6.337199596534543,6.751187001875379,0.0,-0.23335890325480232,0.000227416365072016,0.01489867655128026,-0.16327136992383992,0.00017363290523285467,0.04476835360939377,-0.16886703168952383,0.00020819511104057102,0.0,-3.738821821307108e-20,3.6436118630759776e-23,2.3870311447984936e-21,-2.6158957389314665e-20,2.781905836576161e-23,7.172681009562025e-21,-2.705548124258926e-20,3.335653422222383e-23
1034.6733668341708,14.0,6.346131656040194,6.779562824468772,0.0,-0.2353016561222517,0.000227416365072016,0.015271801617763441,-0.16475621322581563,0.00017399502163123964,0.0450719117032911,-0.17064684576438385,0.00020848971702801028,0.0,-3.769948153805747e-20,3.6436118630759776e-23,2.4468123711063982e-21,-2.6396855513672356e-20,2.787707580898967e-23,7.221316378072413e-21,-2.7340638894949764e-20,3.3403735305155e-23
1043.21608040201,14.0,6.355148216314102,6.8077788221604525,0.0,-0.2372444089897011,0.000227416365072016,0.01564739281967892,-0.16624414746836846,0.00017435653428382193,0.045371493035664734,-0.17242914976089752,0.00020877807281558715,0.0,-3.801074486304386e-20,3.6436118630759776e-23,2.506988715870894e-21,-2.663524886130702e-20,2.793499652147594e-23,7.269314599143576e-21,-2.7626195476739667e-20,3.344993499566843e-23
1051.7587939698492,14.0,6.364247458573298,6.835834864984924,0.0,-0.23918716185715047,0.000227416365072016,0.016025349275684327,-0.16773516712222541,0.00017471735672806518,0.045667159198095476,-0.17421389097528678,0.0002090603391519497,0.0,-3.832200818803025e-20,3.6436118630759776e-23,2.567544016119025e-21,-2.6874136546331457e-20,2.799280665039487e-23,7.316685540834675e-21,-2.791214254388279e-20,3.3495159048536913e-23
1060.3015075376884,14.0,6.373427573622952,6.863730886617243,0.0,-0.24112991472459985,0.00022741636507201597,0.016405571320392373,-0.1692292659334094,0.00017507740575121587,0.04595897111015072,-0.1760010180575338,0.00020933667224819533,0.0,-3.863327151301664e-20,3.643611863075977e-23,2.6284623036953184e-21,-2.711351756674807e-20,2.8050492863593526e-23,7.363438963536452e-21,-2.8198471869199267e-20,3.353943249153748e-23
1068.8442211055276,14.0,6.382686762896496,6.891466881159987,0.0,-0.24307266759204924,0.00022741636507201597,0.016787960555092706,-0.17072643695076065,0.00017543660133363808,0.04624698899480688,-0.1777904809731429,0.00020960722390043256,0.0,-3.894453483800303e-20,3.643611863075977e-23,2.68972781338832e-21,-2.735339080885829e-20,2.8108042340512816e-23,7.409584516033472e-21,-2.848517543627911e-20,3.358277964508794e-23
1077.3869346733668,14.0,6.39202323942533,6.919042900069494,0.0,-0.24501542045949862,0.00022741636507201597,0.017172419893917816,-0.17222667255296528,0.00017579486659015736,0.04653127235708001,-0.17958223096594125,0.0002098721416104535,0.0,-3.925579816298942e-20,3.643611863075977e-23,2.7513249903271883e-21,-2.759375505159301e-20,2.8165442762789737e-23,7.45513173208037e-21,-2.8772245433522233e-20,3.362522414158077e-23
1085.929648241206,14.0,6.401435228741207,6.946459049215669,0.0,-0.246958173326948,0.00022741636507201597,0.01755885360565317,-0.1737299644750756,0.0001761521277096947,0.046811879965613395,-0.18137622052190214,0.0002101315687043757,0.0,-3.956706148797581e-20,3.643611863075977e-23,2.8132384966804156e-21,-2.7834608970761617e-20,2.8222682304585676e-23,7.50009002745185e-21,-2.905967424834229e-20,3.366678894439164e-23
1094.4723618090452,14.0,6.410920969714232,6.973715486069839,0.0,-0.24890092619439738,0.00022741636507201597,0.017947167351388175,-0.1752363038345079,0.0001765083138934496,0.04708886983698905,-0.1831724033339724,0.00021038564444913376,0.0,-3.98783248129622e-20,3.643611863075977e-23,2.87545321768818e-21,-2.8075951143217314e-20,2.827974962268225e-23,7.544468697429124e-21,-2.9347454461531425e-20,3.370749636654339e-23
1103.0150753768844,14.0,6.420478715329434,7.000812417015362,0.0,-0.2508436790618468,0.000227416365072016,0.018337268218200236,-0.17674568115650713,0.0001768633572918759,0.04736229922254541,-0.18497073426788566,0.00021063450416672336,0.0,-4.0189588137948595e-20,3.6436118630759776e-23,2.937954267059123e-21,-2.831778005093698e-20,2.8336633846383706e-23,7.588276914687862e-21,-2.963557884178295e-20,3.374736808900998e-23
1111.5577889447236,14.0,6.430106733404661,7.027750094775878,0.0,-0.2527864319292962,0.000227416365072016,0.018729064749060387,-0.17825808639906893,0.0001772171929406769,0.0476322245974995,-0.1867711693289416,0.00021087827934612017,0.0,-4.0500851462934985e-20,3.6436118630759776e-23,3.0007269917617623e-21,-2.856009408501414e-20,2.839332456726223e-23,7.631523727555375e-21,-2.992404034036877e-20,3.378642517864785e-23
1120.1005025125628,14.0,6.439803307252573,7.05452881595631,0.0,-0.25472918479674556,0.000227416365072016,0.019122466969143825,-0.179773508977311,0.00017756975869602742,0.047898701652185446,-0.18857366562973116,0.00021111709775281027,0.0,-4.0812114787921375e-20,3.6436118630759776e-23,3.0637569762399035e-21,-2.880289154956369e-20,2.8449811828779344e-23,7.674218058606872e-21,-3.021283208596841e-20,3.382468810574465e-23
1128.643216080402,14.0,6.449566736289341,7.081148918691887,0.0,-0.25667193766419494,0.000227416365072016,0.01951738640872455,-0.18129193778728905,0.00017792099516921952,0.04816178528523473,-0.1903781813587867,0.0002113510835358872,0.0,-4.1123378112907765e-20,3.6436118630759776e-23,3.1270300460807643e-21,-2.904617066553762e-20,2.850608611581504e-23,7.71636870357281e-21,-3.050194737964624e-20,3.3862176761178053e-23
1137.1859296482412,14.0,6.459395336592612,7.107610780400675,0.0,-0.2586146905316443,0.000227416365072016,0.019913736122828075,-0.1828133612292521,0.0001782708456609101,0.048421529598535955,-0.19218467575013742,0.0002115803573326823,0.0,-4.1434641437894155e-20,3.6436118630759776e-23,3.1905322711636893e-21,-2.928992957445092e-20,2.8562138344133043e-23,7.75798433053137e-21,-3.0791379689973657e-20,3.389891047317941e-23
1145.7286432160804,14.0,6.469287441411202,7.133914815635263,0.0,-0.2605574433990937,0.000227416365072016,0.02031143070781115,-0.18433776723033543,0.0001786192560951367,0.048677987893823396,-0.19399310905374706,0.00021180503637090577,0.0,-4.1745904762880545e-20,3.6436118630759776e-23,3.25424996831651e-21,-2.953416634201743e-20,2.861795984980901e-23,7.799073479361871e-21,-3.108112264829274e-20,3.3934908023698536e-23
1154.2713567839196,14.0,6.479241401628884,7.160061474029397,0.0,-0.2625001962665431,0.000227416365072016,0.020710386315032612,-0.18586514326668901,0.0001789661749532547,0.04893121267075448,-0.1958034425068139,0.00021202523456828953,0.0,-4.2057168087866935e-20,3.6436118630759776e-23,3.3181697035058613e-21,-2.9778878961695155e-20,2.867354237864607e-23,7.839644561436755e-21,-3.137117004411796e-20,3.3970187664368255e-23
1162.8140703517588,14.0,6.48925558618458,7.186051238335604,0.0,-0.26444294913399247,0.000227416365072016,0.021110520661774063,-0.18739547638504214,0.00017931155320793614,0.04918125562634625,-0.19761563830591142,0.00021224106262972893,0.0,-4.2368431412853324e-20,3.6436118630759776e-23,3.3822782935868617e-21,-3.002406535814133e-20,2.87288780756003e-23,7.8797058595313e-21,-3.166151582067266e-20,3.4004767132068225e-23
1171.356783919598,14.0,6.499328382451136,7.211884622549915,0.0,-0.26638570200144185,0.000227416365072016,0.021511753039564038,-0.18892875322370456,0.0001796553442573593,0.04942816765565067,-0.19942965957994788,0.00021245262814193098,0.0,-4.2679694737839714e-20,3.6436118630759776e-23,3.4465628076367976e-21,-3.026972339057716e-20,2.878395947423671e-23,7.919265527931806e-21,-3.1952154070556673e-20,3.403866366408926e-23
1179.8994974874372,14.0,6.509458196574823,7.237562170120008,0.0,-0.26832845486889123,0.000227416365072016,0.02191400432005379,-0.19046496003300695,0.0001799975038597065,0.049671998853556706,-0.20124547036392404,0.00021266003566558207,0.0,-4.2990958062826104e-20,3.6436118630759776e-23,3.511010567896524e-21,-3.051585085606276e-20,2.8838779486234655e-23,7.958331592724334e-21,-3.2243079031541853e-20,3.407189401290022e-23
1188.4422110552764,14.0,6.519643453777589,7.263084452233235,0.0,-0.2702712077363406,0.000227416365072016,0.02231719695858823,-0.1920040826951834,0.00018033799006807844,0.04991279851761621,-0.2030630355734676,0.00021286338682505572,0.0,-4.3302221387812494e-20,3.6436118630759776e-23,3.575609150342592e-21,-3.076244549268266e-20,2.8893331390959935e-23,7.996911952247452e-21,-3.2534285082492055e-20,3.410447446052077e-23
1196.9849246231156,14.0,6.529882598624038,7.28845206618113,0.0,-0.27221396060379,0.000227416365072016,0.0227212549956096,-0.19354610674369999,0.00018067676316592193,0.050150615151797154,-0.20488232098012366,0.0002130627803956853,0.0,-4.3613484712798884e-20,3.6436118630759776e-23,3.640346384912148e-21,-3.100950498264259e-20,2.8947608825119194e-23,8.035014377693575e-21,-3.282576673940421e-20,3.4136420832504024e-23
1205.5276381909548,14.0,6.540174095254994,7.313665633797143,0.0,-0.2741567134712394,0.00022741636507201597,0.02312610405602686,-0.19509101738203438,0.00018101378560306038,0.05038549647107599,-0.20670329318738032,0.00021325831238863197,0.0,-4.3924748037785274e-20,3.643611863075977e-23,3.705210355401886e-21,-3.1257026955278335e-20,2.900160577251089e-23,8.07264651384474e-21,-3.311751865156721e-20,3.4167748511533884e-23
1214.070351758794,14.0,6.550516427589476,7.33872579996447,0.0,-0.27609946633868876,0.00022741636507201597,0.02353167134667838,-0.19663879950191163,0.0001813490219324065,0.05061748940678658,-0.2085259196074093,0.0002134500761333815,0.0,-4.4236011362771664e-20,3.643611863075977e-23,3.770189399061541e-21,-3.1505008989977364e-20,2.905531655388552e-23,8.109815879929597e-21,-3.340953559783536e-20,3.419847245064249e-23
1222.6130653266332,14.0,6.560908099496807,7.363633231191004,0.0,-0.27804221920613814,0.00022741636507201597,0.02393788565201076,-0.1981894377010027,0.00018168243874742984,0.050846640112649846,-0.21035016843850107,0.00021363816235790806,0.0,-4.4547274687758054e-20,3.643611863075977e-23,3.835272105901549e-21,-3.175344861901452e-20,2.910873581692683e-23,8.14652987058947e-21,-3.370181248301307e-20,3.4228607186053864e-23
1231.1557788944724,14.0,6.571347634940505,7.388388614248526,0.0,-0.2799849720735875,0.00022741636507201597,0.024344677328091143,-0.199742916300092,0.00018201400462044263,0.051072993971413766,-0.21217600864317537,0.00021382265926654385,0.0,-4.4858538012744444e-20,3.643611863075977e-23,3.900447317733718e-21,-3.200234333030251e-20,2.916185852636412e-23,8.1827957569422e-21,-3.399434433434776e-20,3.425816684966001e-23
1239.6984924623116,14.0,6.581833578095567,7.4129926548733724,0.0,-0.2819277249410369,0.00022741636507201597,0.024751978295066104,-0.20129921935972186,0.00018234369004176248,0.05129659560203886,-0.21400340992694666,0.00021400365261559838,0.0,-4.5169801337730834e-20,3.643611863075977e-23,3.965704126963007e-21,-3.225169057005868e-20,2.921467995422503e-23,8.218620687733382e-21,-3.4287126298127757e-20,3.428716518113647e-23
1248.2412060301508,14.0,6.592364493440631,7.437446076525986,0.0,-0.2838704778084863,0.00022741636507201597,0.02515972202817497,-0.2028583306963206,0.00018267146735980117,0.05151748886736901,-0.2158323427177268,0.00021418122578677163,0.0,-4.5481064662717224e-20,3.643611863075977e-23,4.031031875147703e-21,-3.2501487745388975e-20,2.926719567023671e-23,8.254011690565375e-21,-3.458015363638219e-20,3.4315615539704375e-23
1256.78391959799,14.0,6.602938965826505,7.461749619206793,0.0,-0.28581323067593567,0.00022741636507201597,0.025567843547420945,-0.20442023389782335,0.0001829973107221256,0.05173571688223231,-0.21766277814584525,0.00021435545985840635,0.0,-4.5792327987703614e-20,3.643611863075977e-23,4.096420151344551e-21,-3.275173222679073e-20,2.931940153238273e-23,8.288975673195193e-21,-3.487342172367991e-20,3.434353091554636e-23
1265.3266331658292,14.0,6.613555600522423,7.485904038325988,0.0,-0.28775598354338505,0.00022741636507201597,0.025976279405998774,-0.20598491233879374,0.00018332119601752864,0.051951322021920834,-0.21949468802466876,0.000214526433674628,0.0,-4.6103591312690003e-20,3.643611863075977e-23,4.1618587902546636e-21,-3.300242135057536e-20,2.937129367762182e-23,8.323519424893119e-21,-3.5166926044024387e-20,3.437092394088397e-23
1273.8693467336684,14.0,6.62421302324137,7.509910103624953,0.0,-0.28969873641083443,0.00022741636507201597,0.02638496767757329,-0.20755234919505464,0.0001836431008191438,0.05216434593100207,-0.2213280448318033,0.00021469422391241918,0.0,-4.6414854637676393e-20,3.643611863075977e-23,4.227337870185317e-21,-3.3253552421212524e-20,2.9422868512773843e-23,8.357649617854448e-21,-3.546066218784197e-20,3.43978069007242e-23
1282.4120603015076,14.0,6.634909880145738,7.5337685981470335,0.0,-0.2916414892782838,0.00022741636507201597,0.026793847942498613,-0.2091225274578381,0.00018396300432863246,0.05237482953241879,-0.22316282169086005,0.00021485890514667903,0.0,-4.6726117962662783e-20,3.643611863075977e-23,4.292847710842025e-21,-3.350512271359716e-20,2.9474122705577575e-23,8.391372808657453e-21,-3.575462584906043e-20,3.4424191743283147e-23
1290.9547738693468,14.0,6.6456448378345225,7.557480317255596,0.0,-0.2935842421457332,0.00022741636507201597,0.027202861273063983,-0.2106954299474627,0.00018428088732146675,0.052582813036837255,-0.2249989923537685,0.00021502054991331466,0.0,-4.7037381287649173e-20,3.643611863075977e-23,4.3583788709646604e-21,-3.3757129475240856e-20,2.952505317592409e-23,8.424695439761123e-21,-3.6048812822275254e-20,3.4450090090094345e-23
1299.497487437186,14.0,6.656416583313211,7.581046067697318,0.0,-0.29552699501318264,0.00022741636507201603,0.027611950217847514,-0.21227103932654856,0.00018459673209332875,0.052788335952206916,-0.22683653118362107,0.00021517922877041675,0.0,-4.734864461263557e-20,3.6436118630759776e-23,4.423922145820649e-21,-3.4009569928389115e-20,2.9575657087268924e-23,8.457623841036806e-21,-3.6343219000001003e-20,3.447551324581022e-23
1308.040201005025,14.0,6.667223823947463,7.604466666708749,0.0,-0.29746974788063196,0.000227416365072016,0.028021058785255785,-0.213849338112779,0.00018491052240764093,0.05299143709349798,-0.22867541313803108,0.00021533501035756546,0.0,-4.7659907937621953e-20,3.6436118630759776e-23,4.489468564567724e-21,-3.426244127206602e-20,2.962593183822557e-23,8.490164231328334e-21,-3.6637840370005e-20,3.4500472207703934e-23
1316.5829145728642,14.0,6.678065287401635,7.627742941164314,0.0,-0.29941250074808134,0.000227416365072016,0.028430132426322807,-0.21543030869121924,0.00018522224344423997,0.05319215459258558,-0.23051561375299134,0.0002154879614533199,0.0,-4.797117126260834e-20,3.6436118630759776e-23,4.555009387498012e-21,-3.451574068404786e-20,2.9675875054342097e-23,8.522322720035641e-21,-3.6932673012721173e-20,3.452497767488018e-23
1325.1256281407034,14.0,6.688939721563138,7.650875726763926,0.0,-0.3013552536155307,0.000227416365072016,0.028839118016838552,-0.21701393332620084,0.00018553188174920304,0.0533905259082523,-0.23235710912721408,0.000215638147030936,0.0,-4.828243458759473e-20,3.6436118630759776e-23,4.6205361031747145e-21,-3.476946532276729e-20,2.972548458006241e-23,8.554105308717345e-21,-3.722771309874105e-20,3.454904005720221e-23
1333.6683417085426,14.0,6.699845894453579,7.673865867258549,0.0,-0.3032980064829801,0.000227416365072016,0.029247963838873313,-0.21860019417278334,0.0001858394251858315,0.05358658783628245,-0.23419987590694158,0.0002157856303123647,0.0,-4.859369791258112e-20,3.6436118630759776e-23,4.686040425471976e-21,-3.502361232914964e-20,2.977475847087303e-23,8.585517892708035e-21,-3.7522956886380133e-20,3.457266948394328e-23
1342.2110552763818,14.0,6.710782594127608,7.696714213712033,0.0,-0.30524075935042944,0.00022741636507201597,0.029656619561761015,-0.22018907328780143,0.00018614486288679496,0.05378037651962496,-0.23604389127120912,0.00021593047282057653,0.0,-4.89049612375675e-20,3.643611863075977e-23,4.751514290528081e-21,-3.52781788283829e-20,2.9823694985635665e-23,8.616566262746534e-21,-3.781840071931678e-20,3.4595875812169977e-23
1350.753768844221,14.0,6.7217486285603005,7.71942162379769,0.0,-0.3071835122178788,0.00022741636507201597,0.030065036222601014,-0.22178055264050872,0.0001864481852074362,0.0539719274586023,-0.23788913291754957,0.00021607273443026128,0.0,-4.921622456255389e-20,3.643611863075977e-23,4.816949853621497e-21,-3.553316193162301e-20,2.987229257910587e-23,8.64725610661156e-21,-3.811404102430181e-20,3.461866863486519e-23
1359.2964824120602,14.0,6.732742825523916,7.741988961128074,0.0,-0.3091262650853282,0.00022741636507201597,0.030473166206334494,-0.22337461412282714,0.00018674938368023352,0.05416127552114563,-0.23973557904812284,0.00021621247341694797,0.0,-4.952748788754028e-20,3.643611863075977e-23,4.882339485978754e-21,-3.5788558737636e-20,2.9920549894637105e-23,8.677593010761569e-21,-3.8409874308936233e-20,3.4641057288798015e-23
1367.8391959798994,14.0,6.743764032454799,7.764417094616578,0.0,-0.3110690179527776,0.00022741636507201594,0.030880963225449237,-0.22497123955921258,0.0001870484509704177,0.054348454953038305,-0.2415832083562594,0.00021634974650459312,0.0,-4.983875121252667e-20,3.6436118630759764e-23,4.947675771522804e-21,-3.6044366334378683e-20,2.9968465757069784e-23,8.707582461975953e-21,-3.8705897159515235e-20,3.4663050862148223e-23
1376.3819095477386,14.0,6.754811116311166,7.786706897869426,0.0,-0.313011770820227,0.000227416365072016,0.03128838229936238,-0.2265704107161463,0.0001873453808327354,0.054533499388150684,-0.24343200001340368,0.00021648460891168062,0.0,-5.015001453751307e-20,3.6436118630759776e-23,5.0129515035697595e-21,-3.630058180051928e-20,3.001603916580401e-23,8.737229848994832e-21,-3.90021062389363e-20,3.4684658201892284e-23
1384.9246231155778,14.0,6.765882963422466,7.808859248606763,0.0,-0.3149545236876764,0.000227416365072016,0.03169537973352914,-0.22817210931126147,0.00018764016806935174,0.0547164418586515,-0.24528193365644463,0.00021661711439587857,0.0,-5.046127786249946e-20,3.6436118630759776e-23,5.0781596814817535e-21,-3.6557202206899694e-20,3.0063269288054824e-23,8.766540464155096e-21,-3.929849828466937e-20,3.4705887920958164e-23
1393.467336683417,14.0,6.776978479330998,7.830875028111612,0.0,-0.3168972765551258,0.000227416365072016,0.0321019130983216,-0.22977631702211543,0.000187932808488882,0.054897314805181785,-0.24713298937542244,0.00021674731529729624,0.0,-5.077254118748585e-20,3.6436118630759776e-23,5.14329350728294e-21,-3.6814224617940975e-20,3.0110155452288355e-23,8.795519505020451e-21,-3.9595070106787205e-20,3.4726748405155875e-23
1402.0100502512562,14.0,6.788096588626397,7.852755120705438,0.0,-0.31884002942257517,0.000227416365072016,0.032507941207719944,-0.23138301549461632,0.00018822329886654092,0.0550761500869793,-0.24898514770159855,0.0002168752625803835,0.0,-5.108380451247224e-20,3.6436118630759776e-23,5.208346382245463e-21,-3.707164609299342e-20,3.015669714183705e-23,8.82417207600353e-21,-3.9891818586053995e-20,3.4747247819890493e-23
1410.5527638190954,14.0,6.799236234773603,7.874500413249214,0.0,-0.32078278229002455,0.000227416365072016,0.03291342409785535,-0.23299218635111427,0.00018851163690539706,0.05525297899194204,-0.25083838959587823,0.00021700100587451456,0.0,-5.139506783745863e-20,3.6436118630759776e-23,5.273311903451637e-21,-3.73294636876329e-20,3.0202893988691924e-23,8.85250318997824e-21,-4.018874067207048e-20,3.476739411666439e-23
1419.0954773869346,14.0,6.810396379934857,7.896111794668857,0.0,-0.32272553515747393,0.000227416365072016,0.03331832300544164,-0.2346038111981662,0.00018879782119871798,0.055427832246620755,-0.2526926964375738,0.00021712459351329574,0.0,-5.170633116244502e-20,3.6436118630759776e-23,5.338183860338324e-21,-3.758767445490494e-20,3.024874576746958e-23,8.88051776988075e-21,-4.048583338147358e-20,3.4787195039375035e-23
1427.6381909547738,14.0,6.821576004786286,7.917590155503987,0.0,-0.3246682880249233,0.000227416365072016,0.03372260034613032,-0.23621787163398342,0.00018908185119339188,0.05560074002613145,-0.2545480500134992,0.0002172460725726382,0.0,-5.201759448743141e-20,3.6436118630759776e-23,5.40295623122903e-21,-3.784627544651796e-20,3.0294252389551746e-23,8.908220650297636e-21,-4.078309379618918e-20,3.480665813041492e-23
1436.180904522613,14.0,6.832774108329565,7.938936387479002,0.0,-0.3266110408923727,0.000227416365072016,0.03412621969282166,-0.23783434925557154,0.00018936372715440956,0.05577173196397986,-0.256404432507384,0.00021736548890763266,0.0,-5.23288578124178e-20,3.6436118630759776e-23,5.467623179858952e-21,-3.8105263713987196e-20,3.0339413897394627e-23,8.935616579039945e-21,-4.108051906173606e-20,3.482579073657952e-23
1444.7236180904522,14.0,6.84398970769914,7.960151383095482,0.0,-0.3285537937598221,0.000227416365072016,0.034529145753961966,-0.2394532256655712,0.00018964345013038994,0.05594083716179029,-0.2582618264895974,0.00021748288718826487,0.0,-5.264012113740419e-20,3.6436118630759776e-23,5.5321790518978175e-21,-3.8364636309730726e-20,3.03842304590055e-23,8.962710218701927e-21,-4.1378106385579515e-20,3.484460001478959e-23
1453.2663316582914,14.0,6.85522183796547,7.981236035245024,0.0,-0.33049654662727146,0.000227416365072016,0.0349313443518555,-0.24107448247880892,0.00018992102192013217,0.05610808419893283,-0.26012021490717335,0.00021759831093400806,0.0,-5.295138446239058e-20,3.6436118630759776e-23,5.596618371475075e-21,-3.8624390288119003e-20,3.0428702362583754e-23,8.989506148203478e-21,-4.167585303553316e-20,3.486309293763344e-23
1461.8090452261306,14.0,6.866469551934718,8.002191236841584,0.0,-0.33243929949472084,0.00022741636507201597,0.035332782401017435,-0.24269810132856617,0.0001901964450401758,0.056273501142042916,-0.2619795810741254,0.00021771180254732725,0.0,-5.326264778737697e-20,3.643611863075977e-23,5.660935837711655e-21,-3.88845227064793e-20,3.0472830011323486e-23,9.016008864315347e-21,-4.197375633820723e-20,3.4881276298734937e-23
1470.3517587939698,14.0,6.877731919945289,8.023017880472521,0.0,-0.3343820523621702,0.00022741636507201597,0.035733427886592575,-0.24432406387257602,0.00019046972269335118,0.05643711555442835,-0.26383990866204393,0.0002178234033461312,0.0,-5.357391111236336e-20,3.643611863075977e-23,5.725126321262262e-21,-3.914503062605648e-20,3.051661391837468e-23,9.042222783166305e-21,-4.2271813677502095e-20,3.489915671795288e-23
1478.894472361809,14.0,6.889008029661597,8.043716858067475,0.0,-0.3363248052296196,0.00022741636507201597,0.03613324984286233,-0.24595235179875494,0.0001907408587383005,0.056598954505359414,-0.26570118169096624,0.0002179331535952049,0.0,-5.388517443734975e-20,3.643611863075977e-23,5.789184860871819e-21,-3.94059111129313e-20,3.056005470195998e-23,9.068152241731587e-21,-4.2570022493145466e-20,3.4916740646417036e-23
1487.4371859296482,14.0,6.900296985865436,8.064289060584365,0.0,-0.338267558097069,0.00022741636507201597,0.03653221833186153,-0.2475829468306785,0.0001910098576599509,0.05675904457923812,-0.2675633845205103,0.0002180410925366552,0.0,-5.419643776233614e-20,3.643611863075977e-23,5.8531066599495e-21,-3.966716123889774e-20,3.0603153080643924e-23,9.093801499301967e-21,-4.286838027927189e-20,3.4934034371406075e-23
1495.9798994974874,14.0,6.911597910245272,8.084735377711699,0.0,-0.34021031096451837,0.00022741636507201597,0.0369303044221243,-0.24921583073280865,0.00019127672454091922,0.05691741188464366,-0.26942650184126565,0.00021814725841940192,0.0,-5.450770108732253e-20,3.643611863075977e-23,5.916887083163442e-21,-3.992877808230051e-20,3.0645909868751515e-23,9.119174738932996e-21,-4.316688458304338e-20,3.495104402107255e-23
1504.5226130653266,14.0,6.9229099411837955,8.105056697586525,0.0,-0.34215306383196775,0.00022741636507201597,0.03732748016757745,-0.2508509853154807,0.00019154146503382957,0.05707408206325083,-0.2712905186664307,0.00021825168852774424,0.0,-5.481896441230892e-20,3.643611863075977e-23,5.980521653059099e-21,-4.019075872883403e-20,3.0688325971932975e-23,9.144276068873899e-21,-4.346553300330961e-20,3.4967775569019767e-23
1513.0653266331658,14.0,6.9342322335440345,8.12525390652734,0.0,-0.34409581669941713,0.00022741636507201597,0.03772371858659764,-0.25248839243965787,0.0001918040853345229,0.057229080298619533,-0.273155420323692,0.0002183544192090335,0.0,-5.513022773729531e-20,3.643611863075977e-23,6.044006046703824e-21,-4.0453100272304204e-20,3.0730402382871466e-23,9.169109523975795e-21,-4.3764323189306804e-20,3.4984234838735424e-23
1521.608040201005,14.0,6.945563958454288,8.145327888781251,0.0,-0.3460385695668665,0.00022741636507201597,0.03811899364124808,-0.2541280340214603,0.00019206459215613926,0.05738243132485319,-0.2750211924473344,0.00021845548590047998,0.0,-5.54414910622817e-20,3.643611863075977e-23,6.1073360923602244e-21,-4.071579981535407e-20,3.0772140177130597e-23,9.193679067078944e-21,-4.4063252839393643e-20,3.500042750788654e-23
1530.1507537688442,14.0,6.95690430309219,8.165279526284843,0.0,-0.3479813224343159,0.00022741636507201597,0.038513280216708315,-0.25576989203647665,0.00019232299270405192,0.05753415943512471,-0.2768878209705781,0.0002185549231551227,0.0,-5.575275438726809e-20,3.643611863075977e-23,6.1705077661904514e-21,-4.0978854470154555e-20,3.081354050913844e-23,9.217988590378744e-21,-4.4362319699823547e-20,3.501635911248031e-23
1538.6934673366834,14.0,6.968252470468106,8.185109698438096,0.0,-0.3499240753017653,0.00022741636507201597,0.03890655410091035,-0.25741394852386495,0.00019257929465163386,0.05768428849006855,-0.27875529211813316,0.00021865276466698938,0.0,-5.606401771225448e-20,3.643611863075977e-23,6.233517188993544e-21,-4.124226135906152e-20,3.085460460830489e-23,9.242041916770297e-21,-4.4661521563551727e-20,3.5032035050895113e-23
1547.2361809045226,14.0,6.979607679208135,8.204819281890787,0.0,-0.35186682816921466,0.00022741636507201597,0.03929879196439263,-0.25906018559025,0.00019283350611683627,0.0578328419260385,-0.2806235923989659,0.00021874904329547215,0.0,-5.637528103724087e-20,3.643611863075977e-23,6.296360622977682e-21,-4.1506017615240206e-20,3.0895333775269115e-23,9.265842801171443e-21,-4.496085626907631e-20,3.504746058778598e-23
1555.7788944723618,14.0,6.990969163336921,8.22440915034085,0.0,-0.35380958103666404,0.00022741636507201597,0.039689971340382164,-0.2607085854134242,0.00019308563563955899,0.05797984276323017,-0.28249270859927045,0.0002188437910889458,0.0,-5.668654436222726e-20,3.643611863075977e-23,6.359034468568996e-21,-4.177012038325814e-20,3.0935729378273904e-23,9.289394931824136e-21,-4.5260321699312196e-20,3.5062640857868637e-23
1564.321608040201,14.0,7.002336172060478,8.243880174344152,0.0,-0.3557523339041134,0.00022741636507201597,0.04008007060511491,-0.2623591302458577,0.000193335692159793,0.058125313613668045,-0.28436262777563853,0.00021893703930765183,0.0,-5.699780768721365e-20,3.643611863075977e-23,6.4215352612585345e-21,-4.203456681964759e-20,3.097579284966373e-23,9.312701931574103e-21,-4.5559915780496744e-20,3.5077580869585927e-23
1572.8643216080402,14.0,7.013707969549232,8.263233221135172,0.0,-0.3576950867715628,0.00022741636507201597,0.040469068958402514,-0.2640118024180265,0.00019358368499651558,0.05826927668905716,-0.28623333724842187,0.00021902881844587327,0.0,-5.730907101220004e-20,3.643611863075977e-23,6.483859668488722e-21,-4.2299354093438676e-20,3.1015525682503364e-23,9.335767359128826e-21,-4.5859636481126333e-20,3.509228550866063e-23
1581.4070351758792,14.0,7.0250838347214515,8.282469154458122,0.0,-0.35963783963901214,0.00022741636507201597,0.040856946404453406,-0.2656665843415615,0.000193829623827318,0.058411753808499486,-0.28810482459528125,0.0002191191582534235,0.0,-5.762033433718642e-20,3.643611863075977e-23,6.5460044865805555e-21,-4.2564479386664005e-20,3.1054929427313853e-23,9.358594710293838e-21,-4.615948181092281e-20,3.510675954153834e-23
1589.9497487437184,14.0,7.036463061027239,8.301588834408049,0.0,-0.3615805925064615,0.00022741636507201597,0.04124368373295486,-0.26732345851222844,0.00019407351866874677,0.05855276640607527,-0.28997707764491615,0.0002192080877564706,0.0,-5.793159766217281e-20,3.643611863075977e-23,6.607966637702617e-21,-4.2829939894836076e-20,3.109400568892288e-23,9.381187419187395e-21,-4.6459449819828834e-20,3.5121007618723867e-23
1598.4924623115576,14.0,7.047844956233249,8.320593117281446,0.0,-0.3635233453739109,0.00022741636507201597,0.041629262500422065,-0.2689824075127413,0.00019431537985733894,0.05869233553829012,-0.2918500844709692,0.00021929563527771964,0.0,-5.82428609871592e-20,3.643611863075977e-23,6.669743166882864e-21,-4.309573282739801e-20,3.113275612342627e-23,9.403548859433623e-21,-4.675953859703131e-20,3.5135034278014846e-23
1607.0351758793968,14.0,7.059228842208258,8.339482855435984,0.0,-0.3654660982413603,0.00022741636507201597,0.042013665011819516,-0.27064341401541764,0.00019455521803133272,0.05883048189138838,-0.2937238333861009,0.00021938182845597368,0.0,-5.855412431214559e-20,3.643611863075977e-23,6.7313312390640556e-21,-4.336185540814902e-20,3.1171182435257674e-23,9.425682345334257e-21,-4.7059746270012e-20,3.514884394763573e-23
1615.577889447236,14.0,7.070614054709755,8.35825889715895,0.0,-0.36740885110880966,0.00022741636507201597,0.04239687430245927,-0.27230646078468024,0.00019479304411303505,0.05896722578853361,-0.2955983129362289,0.00021946669426509407,0.0,-5.886538763713198e-20,3.643611863075977e-23,6.792728136203528e-21,-4.3628304875645195e-20,3.12092863743636e-23,9.447591133019077e-21,-4.7360071003624585e-20,3.516244094927555e-23
1624.1206030150752,14.0,7.08199994317164,8.376922086543985,0.0,-0.36935160397625905,0.00022741636507201597,0.04277887412017968,-0.2739715306794106,0.00019502886929182695,0.0591025871968576,-0.2974735118949259,0.00021955025903237907,0.0,-5.917665096211837e-20,3.643611863075977e-23,6.853931254417918e-21,-4.389507848357658e-20,3.124706973348052e-23,9.469278421575279e-21,-4.766051099919713e-20,3.5175829501032515e-23
1632.6633165829144,14.0,7.09338587049319,8.395473263375772,0.0,-0.37129435684370843,0.00022741636507201597,0.043159648907808164,-0.27563860665516016,0.00019526270500778918,0.05923658573437825,-0.2993494192579732,0.00021963254845638026,0.0,-5.948791428710476e-20,3.643611863075977e-23,6.914938101173386e-21,-4.416217350112145e-20,3.128453434551146e-23,9.490747354155855e-21,-4.7961064493659425e-20,3.518901372026852e-23
1641.2060301507536,14.0,7.104771212829366,8.413913263022327,0.0,-0.3732371097111578,0.00022741636507201597,0.043539183785910304,-0.2773076717662242,0.0001954945629359301,0.05936924067678829,-0.30122602423806355,0.0002197135876241749,0.0,-5.979917761209115e-20,3.643611863075977e-23,6.975746292521714e-21,-4.442958721327858e-20,3.132168208099896e-23,9.512001019067253e-21,-4.8261729758694306e-20,3.5201997626376456e-23
1649.7487437185928,14.0,7.116155359382585,8.432242916334506,0.0,-0.3751798625786072,0.00022741636507201597,0.043917464535827566,-0.2789787091675833,0.0001957244549709984,0.0595005709641159,-0.30310331625964954,0.0002197934010281125,0.0,-6.011044093707754e-20,3.643611863075977e-23,7.036353550382658e-21,-4.4697316921178355e-20,3.1358514845691873e-23,9.533042450836534e-21,-4.856250509991227e-20,3.521478514346334e-23
1658.291457286432,14.0,7.127537712196039,8.450463049552468,0.0,-0.3771226154460566,0.00022741636507201597,0.04429447758300513,-0.2806517021167182,0.0001959523932128635,0.0596305952072584,-0.30498128495393234,0.0002198720125820514,0.0,-6.042170426206393e-20,3.643611863075977e-23,7.096757699872761e-21,-4.496535994237342e-20,3.1395034578203007e-23,9.55387463125818e-21,-4.886338885604861e-20,3.522738010295167e-23
1666.8341708542712,14.0,7.138917685948649,8.468574484218712,0.0,-0.37906536831350596,0.00022741636507201597,0.04467020998061074,-0.2823266339753007,0.00019617838995244612,0.05975933169439098,-0.3068599201539876,0.00021994944563710384,0.0,-6.073296758705032e-20,3.643611863075977e-23,7.156956666680812e-21,-4.523371361110973e-20,3.143124324775495e-23,9.574500490420886e-21,-4.916437939818246e-20,3.52397862461021e-23
1675.3768844221104,14.0,7.150294707751736,8.486578037097463,0.0,-0.38100812118095534,0.00022741636507201594,0.04504464939344554,-0.2840034882107686,0.00019640245765818423,0.0598867983972514,-0.30873921189002396,0.00022002572299690404,0.0,-6.104423091203671e-20,3.6436118630759764e-23,7.216948474490072e-21,-4.5502375278578787e-20,3.146714285201171e-23,9.594922907714485e-21,-4.9465475128977135e-20,3.5252007226459606e-23
1683.9195979899496,14.0,7.161668216947475,8.50447452010005,0.0,-0.3829508740484048,0.000227416365072016,0.04541778408214671,-0.2856822483977854,0.0001966246089630155,0.06001301297730299,-0.31061915038476906,0.00022010086693241524,0.0,-6.135549423702311e-20,3.6436118630759776e-23,7.276731242447258e-21,-4.5771342313151564e-20,3.150273541499304e-23,9.615144712817362e-21,-4.9766674481940904e-20,3.526404661222589e-23
1692.4623115577888,14.0,7.173037664909202,8.522264740216055,0.0,-0.38489362691585416,0.000227416365072016,0.04578960288768178,-0.28736289821959216,0.0001968448566518632,0.060137992791776944,-0.3124997260489811,0.00022017489919629114,0.0,-6.16667575620095e-20,3.6436118630759776e-23,7.336303182678267e-21,-4.6040612100595074e-20,3.1538022985069463e-23,9.635168686664544e-21,-5.006797592070786e-20,3.52759078885603e-23
1701.005025125628,14.0,7.184402514843634,8.539949499449941,0.0,-0.38683637978330354,0.000227416365072016,0.04616009521613439,-0.28904542146925416,0.00019706321364960808,0.060261754899595954,-0.314380929477081,0.00022024784103680568,0.0,-6.197802088699589e-20,3.6436118630759776e-23,7.39566259785057e-21,-4.631018204427209e-20,3.157300763303519e-23,9.654997562396765e-21,-5.03693779383381e-20,3.5287594459811635e-23
1709.5477386934672,14.0,7.195762241595052,8.557529594762915,0.0,-0.3887791326507529,0.000227416365072016,0.046529251023780055,-0.2907298020508067,0.00019727969300953191,0.06038431606718096,-0.3162627514429014,0.00022031971321136506,0.0,-6.228928421198228e-20,3.6436118630759776e-23,7.454807878782098e-21,-4.658004956532477e-20,3.160769145025652e-23,9.674634026290811e-21,-5.0670879056636636e-20,3.529910965168302e-23
1718.0904522613064,14.0,7.207116331451501,8.575005818019795,0.0,-0.3907218855182023,0.000227416365072016,0.04689706080245122,-0.2924160239803042,0.00019749430790221798,0.06050569277414258,-0.3181451828955493,0.00022039053599961597,0.0,-6.260054753696867e-20,3.6436118630759776e-23,7.513737502096463e-21,-4.6850212102842704e-20,3.164207654689352e-23,9.694080718671388e-21,-5.097247782549056e-20,3.531045671333205e-23
1726.6331658291456,14.0,7.21846428195305,8.592378955940642,0.0,-0.3926646383856517,0.00022741636507201597,0.04726351556518972,-0.29410407138677674,0.00019770707160489328,0.060625901218858996,-0.3200282149553802,0.00022046032921616297,0.0,-6.291181086195506e-20,3.643611863075977e-23,7.572450027924227e-21,-4.7120667114016166e-20,3.1676165050192484e-23,9.7133402348048e-21,-5.127417282222395e-20,3.532163881940838e-23
1735.1758793969848,14.0,7.229805601702147,8.60964979005693,0.0,-0.39460739125310107,0.00022741636507201597,0.04762860683218512,-0.2957939285130968,0.0001979179974911993,0.060744957323942514,-0.32191183891007724,0.00022052911222290744,0.0,-6.322307418694145e-20,3.643611863075977e-23,7.630944097649975e-21,-4.739141207427501e-20,3.1709959102847013e-23,9.732415125774785e-21,-5.1575962650969776e-20,3.5332659072030607e-23
1743.718592964824,14.0,7.241139810176107,8.626819096672055,0.0,-0.39655014412055045,0.00022741636507201597,0.04799232661699681,-0.29748557971676076,0.00019812709902137683,0.06086287674159591,-0.32379604621083624,0.0002205969039410202,0.0,-6.353433751192784e-20,3.643611863075977e-23,7.689218431704855e-21,-4.766244447741384e-20,3.174346086142542e-23,9.751307899340702e-21,-5.18778459420586e-20,3.5343520502704506e-23
1752.2613065326632,14.0,7.252466437541767,8.643887646825979,0.0,-0.39849289698799983,0.00022741636507201597,0.04835466741305762,-0.29917900947058823,0.0001983343897328521,0.06097967485886116,-0.32568082846864993,0.00022066372286256013,0.0,-6.384560083691423e-20,3.643611863075977e-23,7.747271827404214e-21,-4.7933761835704116e-20,3.177667249486251e-23,9.77002102077846e-21,-5.2179821351423287e-20,3.535422607418454e-23
1760.8040201005024,14.0,7.263785024472329,8.66085620626381,0.0,-0.4004356498554492,0.00022741636507201597,0.04871562218045653,-0.30087420236334267,0.0001985398832312102,0.061095366802761744,-0.32756617745069083,0.00022072958706174963,0.0,-6.415686416190062e-20,3.643611863075977e-23,7.805103156829959e-21,-4.820536167999352e-20,3.180959618301334e-23,9.788556913704414e-21,-5.248188756001945e-20,3.5364778682280395e-23
1769.3467336683416,14.0,7.275095121966412,8.67772553540812,0.0,-0.4023784027228986,0.00022741636507201597,0.04907518433299791,-0.30257114310027633,0.00019874359318154382,0.061209967445340865,-0.3294520850767886,0.0002207945142059181,0.0,-6.446812748688701e-20,3.643611863075977e-23,7.862711364757212e-21,-4.84772415597933e-20,3.184223411526712e-23,9.80691796088258e-21,-5.2784043273261074e-20,3.5375181157610304e-23
1777.8894472361808,14.0,7.286396291169348,8.694496389334871,0.0,-0.404321155590348,0.00022741636507201597,0.04943334772553423,-0.30426981650360296,0.00019894553330016478,0.061323491408597025,-0.3313385434159999,0.00022085852156612435,0.0,-6.47793908118734e-20,3.643611863075977e-23,7.9200954666248e-21,-4.874939904335402e-20,3.187458848921929e-23,9.82510650501539e-21,-5.3086287220470955e-20,3.538543626730295e-23
1786.43216080402,14.0,7.297688103196711,8.711169517752708,0.0,-0.40626390845779736,0.00022741636507201597,0.049790106641569735,-0.3059702075129012,0.0001991457173466659,0.06143595306931908,-0.33322554468326715,0.00022092162602746742,0.0,-6.509065413685979e-20,3.643611863075977e-23,7.977254546549124e-21,-4.9021831717730154e-20,3.1906661509399656e-23,9.84312484951836e-21,-5.3388618154345353e-20,3.5395546716649453e-23
1794.9748743718592,14.0,7.308970138960123,8.727745664985523,0.0,-0.40820666132524674,0.00022741636507201597,0.05014545578113136,-0.3076723011854518,0.00019934415911632153,0.06154736656382249,-0.33511308123616473,0.00022098384409909702,0.0,-6.540191746184618e-20,3.643611863075977e-23,8.034187755380888e-21,-4.9294537188834136e-20,3.193845538605484e-23,9.860975259278926e-21,-5.3691034850432694e-20,3.54055151507072e-23
1803.5175879396984,14.0,7.320241988995323,8.744225569958088,0.0,-0.4101494141926961,0.00022741636507201597,0.050499390248904326,-0.3093760826965108,0.00019954087243281585,0.06165774579258848,-0.33700114557172856,0.00022104519192393173,0.0,-6.571318078683257e-20,3.643611863075977e-23,8.090894308804195e-21,-4.956751308148013e-20,3.196997233398323e-23,9.878659961399706e-21,-5.39935361066256e-20,3.541534415585689e-23
1812.0603015075376,14.0,7.331503253292519,8.760609966184637,0.0,-0.4120921670601455,0.00022741636507201597,0.050851905542628605,-0.31108153733952254,0.00019973587114128697,0.06176710442480818,-0.3388897303233685,0.00022110568528809532,0.0,-6.602444411181896e-20,3.643611863075977e-23,8.147373485477464e-21,-4.984075703941815e-20,3.2001214571420485e-23,9.896181145926566e-21,-5.429612074266622e-20,3.5425036261314386e-23
1820.6030150753768,14.0,7.342753541129025,8.77689958176022,0.0,-0.4140349199275949,0.00022741636507201597,0.05120299754175292,-0.31278865052627447,0.00019992916910167667,0.061875455902833346,-0.3407788282578593,0.00022116533963007962,0.0,-6.633570743680535e-20,3.643611863075977e-23,8.203624625215596e-21,-5.011426672535887e-20,3.203218431897411e-23,9.913540966561695e-21,-5.459878759966411e-20,3.543459394059878e-23
1829.145728643216,14.0,7.353992470904179,8.793095139354747,0.0,-0.4159776727950443,0.00022741636507201597,0.05155266249634292,-0.31449740778699575,0.00020012078018237473,0.061982813446535404,-0.3426684322724094,0.00022122417004964291,0.0,-6.664697076179174e-20,3.643611863075977e-23,8.259647127212872e-21,-5.038803982098942e-20,3.2062883798605106e-23,9.930741541362002e-21,-5.490153553962659e-20,3.544401961295805e-23
1837.6884422110552,14.0,7.365219669976559,8.809197356209534,0.0,-0.41792042566249366,0.00022741636507201597,0.05190089701623975,-0.31620779477040384,0.00020031071825414842,0.062089190057574725,-0.34455853539180387,0.00022128219131645159,0.0,-6.695823408677813e-20,3.643611863075977e-23,8.315440448305963e-21,-5.066207402698084e-20,3.209331523265539e-23,9.947784953423133e-21,-5.520436344500101e-20,3.545331564475364e-23
1846.2311557788944,14.0,7.376434774503479,8.825206944136237,0.0,-0.41986317852994304,0.00022741636507201597,0.05224769806046529,-0.3179197972436995,0.0002004989971843462,0.06219459852358199,-0.34644913076562117,0.00022133941787847423,0.0,-6.726949741176452e-20,3.643611863075977e-23,8.37100410127646e-21,-5.093636706298729e-20,3.212348084291913e-23,9.964673251549396e-21,-5.550727021822887e-20,3.5462484350805325e-23
1854.7738693467336,14.0,7.387637429282763,8.841124609518113,0.0,-0.4218059313973924,0.00022741636507201597,0.052593062926870694,-0.319633401092514,0.000200685630831367,0.06229905142225285,-0.3483402116655194,0.00022139586387013457,0.0,-6.758076073675091e-20,3.643611863075977e-23,8.426337653192387e-21,-5.1210916667637596e-20,3.215338284975662e-23,9.981408450909798e-21,-5.581025478131094e-20,3.5471527995697436e-23
1863.3165829145728,14.0,7.398827287596802,8.856951053313395,0.0,-0.4237486842648418,0.00022741636507201597,0.05293698924202386,-0.3213485923208096,0.0002008706330393847,0.062402561125358275,-0.35023177148259205,0.00022145154312023225,0.0,-6.78920240617373e-20,3.643611863075977e-23,8.481440723788e-21,-5.1485720598519294e-20,3.2183023471249056e-23,9.997992533680577e-21,-5.611331607538365e-20,3.548044879504795e-23
1871.859296482412,14.0,7.410004011058879,8.872686971060743,0.0,-0.4256914371322912,0.00022741636507201597,0.05327947495133266,-0.32306535705073697,0.00020105401763332044,0.06250513980267187,-0.35212380372479013,0.0002215064691596374,0.0,-6.820328738672369e-20,3.643611863075977e-23,8.536312983881347e-21,-5.1760776632155787e-20,3.2212404922392997e-23,1.0014427449674425e-20,-5.641645306030609e-20,3.548924891674127e-23
1880.4020100502512,14.0,7.421167269461749,8.888333052886658,0.0,-0.42763418999974057,0.00022741636507201597,0.05362051830939947,-0.3247836815224496,0.0002012357984140512,0.06260679942581579,-0.3540163020144092,0.00022156065522876742,0.0,-6.851455071171008e-20,3.643611863075977e-23,8.590954153828901e-21,-5.203608256397662e-20,3.2241529414332706e-23,1.0030715116956667e-20,-5.671966471425736e-20,3.549793048212611e-23
1888.9447236180904,14.0,7.432316740628478,8.903889983514718,0.0,-0.42957694286718995,0.00022741636507201597,0.05396011787060372,-0.3265035520938787,0.00020141598915384944,0.06270755177202715,-0.35590926008563917,0.00022161411428485127,0.0,-6.882581403669647e-20,3.643611863075977e-23,8.645364002016711e-21,-5.2311636208281423e-20,3.22703991536295e-23,1.0046857422448719e-20,-5.702295003334399e-20,3.550649556717943e-23
1897.4874371859296,14.0,7.443452110265511,8.919358442276586,0.0,-0.43151969573463933,0.00022741636507201597,0.054298272479908025,-0.32822495524047074,0.00020159460359204284,0.06280740842784639,-0.35780267178217545,0.00022166685900898927,0.0,-6.913707736168286e-20,3.643611863075977e-23,8.699542343387386e-21,-5.2587435398197805e-20,3.229901634156635e-23,1.0062856222519015e-20,-5.732630803121726e-20,3.55149462036375e-23
1906.0301507537688,14.0,7.45457307181797,8.934739103124663,0.0,-0.4334624486020887,0.00022741636507201597,0.05463498126388436,-0.3299478775548876,0.0002017716554308875,0.06290638079272926,-0.3596965310548894,0.00022171890181301376,0.0,-6.944834068666925e-20,3.643611863075977e-23,8.75348903800233e-21,-5.286347798563339e-20,3.2327383173486714e-23,1.007871334356172e-20,-5.762973773869991e-20,3.5523284380095086e-23
1914.572864321608,14.0,7.465679326327164,8.950032634646323,0.0,-0.4354052014695381,0.00022741636507201597,0.054970243621956204,-0.33167230574667317,0.0002019471583316463,0.06300448008258375,-0.36159083195955694,0.00022177025484615748,0.0,-6.975960401165564e-20,3.643611863075977e-23,8.807203989638575e-21,-5.313976184122236e-20,3.235550183816621e-23,1.0094430582563407e-20,-5.793323820342225e-20,3.5531512043073874e-23
1923.1155778894472,14.0,7.476770582290295,8.96523970007963,0.0,-0.43734795433698753,0.000227416365072016,0.055304059217852856,-0.3333982266418874,0.00020212112591086573,0.06310171733323414,-0.36348556865464277,0.00022182093000153513,0.0,-7.007086733664204e-20,3.6436118630759776e-23,8.860687144419616e-21,-5.3416284854266824e-20,3.23833745172161e-23,1.0110009707658052e-20,-5.823680848946714e-20,3.5539631098060917e-23
1931.6582914572864,14.0,7.487846555522337,8.98036095733046,0.0,-0.4392907072044369,0.000227416365072016,0.05563642797127183,-0.3351256271827088,0.0002022935717368422,0.06319810340381277,-0.3653807353991396,0.00022187093892244415,0.0,-7.038213066162843e-20,3.6436118630759776e-23,8.913938489479574e-21,-5.369304493267312e-20,3.2411003384517135e-23,1.0125452458670467e-20,-5.854044767702381e-20,3.554764341051811e-23
1940.2010050251256,14.0,7.498906969020088,8.995397058990939,0.0,-0.4412334600718863,0.000227416365072016,0.0559673500497457,-0.3368544944270076,0.00020246450932627274,0.063293648980082,-0.36727632655046044,0.00022192029300848988,0.0,-7.069339398661482e-20,3.6436118630759776e-23,8.96695805166013e-21,-5.3970040002883474e-20,3.2438390605682924e-23,1.014076054764853e-20,-5.884415486205015e-20,3.55555508068636e-23
1948.7437185929646,14.0,7.509951552828362,9.010348652359166,0.0,-0.4431762129393357,0.00022741636507201603,0.05629682586070926,-0.338584815547892,0.00020263395214108217,0.06338836457768701,-0.36917233656238196,0.00022196900342154135,0.0,-7.100465731160121e-20,3.6436118630759776e-23,9.019745896239531e-21,-5.424726800980325e-20,3.246553833755161e-23,1.015593565938434e-20,-5.914792915594323e-20,3.5563355075425955e-23
1957.2864321608038,14.0,7.520980043908302,9.025216379460074,0.0,-0.44511896580678506,0.00022741636507201603,0.05662485604376335,-0.3403165778332265,0.00020280191358541973,0.0634822605453415,-0.37106875998303884,0.0002220170810915217,0.0,-7.13159206365876e-20,3.6436118630759776e-23,9.07230212569313e-21,-5.452472691672378e-20,3.249244872770466e-23,1.0170979451924625e-20,-5.94517696852179e-20,3.557105796737193e-23
1965.829145728643,14.0,7.531992186007809,9.040000877067452,0.0,-0.44706171867423444,0.00022741636507201603,0.05695144146313136,-0.34204976868512665,0.00020296840700282043,0.06357534706794729,-0.3729655914529665,0.00022206453672203951,0.0,-7.162718396157399e-20,3.6436118630759776e-23,9.124626878484784e-21,-5.480241470524148e-20,3.251912391401208e-23,1.0185893557070555e-20,-5.97556755911933e-20,3.5578661197608666e-23
1974.3718592964822,14.0,7.5429877295340475,9.054702776726966,0.0,-0.4490044715416838,0.00022741636507201603,0.05727658320030457,-0.3437843756194293,0.00020313344567352267,0.06366763416964949,-0.37486282570319074,0.00022211138079586464,0.0,-7.193844728656038e-20,3.6436118630759776e-23,9.176720327888492e-21,-5.508032937517288e-20,3.254556602420264e-23,1.0200679580867239e-20,-6.005964602968668e-20,3.558616644566106e-23
1982.9145728643214,14.0,7.553966431428028,9.069322704780223,0.0,-0.4509472244091332,0.00022741636507201603,0.05760028254687295,-0.3455203862651416,0.00020329704281193842,0.06375913171682843,-0.3767604575533646,0.00022215762358025453,0.0,-7.224971061154677e-20,3.6436118630759776e-23,9.228582680839785e-21,-5.535846894446643e-20,3.2571777175458535e-23,1.021533910408308e-20,-6.036368017071495e-20,3.559357535652512e-23
1991.4572864321606,14.0,7.564928055041222,9.083861282389703,0.0,-0.4528899772765826,0.000227416365072016,0.05792254099753691,-0.3472577883638673,0.00020345921156426808,0.06384984942102986,-0.37865848190994944,0.0002222032751321345,0.0,-7.256097393653316e-20,3.6436118630759776e-23,9.280214176816069e-21,-5.563683144911052e-20,3.259775947403329e-23,1.0229873682679247e-20,-6.066777719820327e-20,3.5600889541497914e-23
2000.0,14.0,7.575872370014208,9.098319125564617,0.0,-0.45483273014403197,0.000227416365072016,0.058243360243297085,-0.34899656976921534,0.0002036199650062562,0.06393979684183451,-0.3805568937644394,0.00022224834530313697,0.0,-7.287223726151955e-20,3.6436118630759776e-23,9.331615086745514e-21,-5.591541494303876e-20,3.262351501489213e-23,1.0244284848269424e-20,-6.097193630970051e-20,3.560811057898497e-23
